"","DAY","X1996","X1997","X1998","X1999","X2000","X2001","X2002","X2003","X2004","X2005","X2006","X2007","X2008","X2009","X2010","X2011","X2012","X2013","X2014","X2015","Overall_Avg"
"1","3-Jul",96,94,85,80,93,90,90,89,80,87,93,75,89,85,81,96,81,88,96,89,87.85
"2","4-Jul",95.6435434195895,97.0315208547871,86.711672181133,83.0068280614605,95,89.8707911026397,87,94.7228650036563,83.781030311384,84.0671113787982,93,71.8303638803962,92.34924057926,83.3318597223363,79.7017560114996,96.9697845740708,89.9928562468892,81.4667805206632,89.5583038708424,82.4577033709855,87.8114642896645
"3","5-Jul",91.0239377426102,95.1384985345057,87.3637442069385,84.8025178240963,97,86.6179382876382,89,92.5141594232089,86.2508757064029,83.836201139454,91.3635849977643,76.8964207265289,92.829243375407,85.0293608530625,81.3236018774628,93.819620416389,90.3242023691801,80.4000483370145,86.2855170592388,86.3127945323067,87.7813820598859
"4","6-Jul",88.6645181560166,87.9881267738079,87.7071244361164,86.9043153256995,97.967642606199,88.5913239127107,93,84.7801036602111,88.4222776172062,86.6852432202643,90.2478895241818,81.4803755625168,91.5600140069893,76.7449707446436,84.4192584228225,91.70420895862,93.9329952237932,84.754497563726,88.2715046392527,86.1010154859274,87.7103326194539
"5","7-Jul",90.3728486230086,87.1877698840229,86.3827411872056,88.3845581861604,97.9039748195306,89.5227861766759,93,88.672006647701,88.930912622405,80.5222084864558,82.6811969459869,82.5823042934514,86.9427270207018,80.8019030844518,86.1112753643066,91.6527155590629,92.6092152599375,85.7618872328802,89.2091025639901,85.9969180629535,87.3786833169614
"6","8-Jul",91.0349453326816,78.2403619076101,89.3007950482361,82.4999090977454,97.8423671565079,89.4141307032879,89,91.4403208696024,88.2658105581247,74.3515937237887,80.4874214928061,78.7077841957629,89.1781026156853,81.4418892255519,90.8783667717136,95.7236397582228,87.6741909571867,82.7154714847171,91.1988403647555,91.0406006256887,86.700616206799
"7","9-Jul",90.016074926352,88.9509470894017,91.8117327377233,83.4808153359073,92.6209659878939,91.3962942461096,89,94.2407392101369,86.5382542478283,84.9780216668339,81.7250245734218,78.5107553845971,91.2889701602302,78.620053999768,94.5903000564221,95.6715592487796,90.892251699259,88.9471680655919,92.1400044593565,91.9025631239588,88.3023110925973
"8","10-Jul",90.9395502904209,86.8352903607258,92.621159414038,84.5875154382778,97.7303027220905,93.3792259985862,90,92.5145430892171,86.9613331410612,87.0892027523752,83.5864265323069,85.9194447980127,91.3278326058273,79.8579211918605,94.6409267390665,92.5304060963243,93.9077857357201,90.4563754486153,92.034978716459,92.8494944749153,89.3957494500514
"9","11-Jul",91.3053107509604,89.4184718143431,89.805043796455,85.0153845200291,100.77138681692,89.1044750794897,91,86.3347041552679,87.8704383876439,77.1061813756298,83.9248154458367,85.0294870658017,89.917019330687,80.4819156058849,89.6233402441226,93.5143796502085,92.0893879737085,89.9312816145258,88.7878753154089,94.6674118880585,88.370652533528
"10","12-Jul",89.5303184094064,86.6029608038791,89.1234831210322,81.6382015299401,97.616997174708,92.143045008669,84,86.011190041501,88.8886709207015,80.7908897580705,88.8955770187285,84.0464213222917,90.6668839128148,82.5733021521809,91.163936196061,96.5592683018465,86.7419858709702,84.1130480781894,86.6019764415703,94.0829458753879,87.6744326971587
"11","13-Jul",89.5251516012084,90.1084276971151,85.1074127560015,77.0036728896007,94.4676031789479,92.0507448478145,77,88.0096394654457,88.3370333918629,84.0377030568324,90.6174316875297,85.9689079114491,93.5796222855154,86.6824369031665,89.0329793811397,96.5121543459683,80.2860764519249,88.0492299749467,91.7687424251864,94.7675237275575,87.7163424681619
"12","14-Jul",90.8284143382302,88.3540801043315,85.6675085433192,72.6743980078414,92.3554005773411,87.7901414911496,82,88.8697362506634,89.8206426705047,82.567350617611,90.9304519504829,85.5628532821161,89.2060550747229,82.9469744212848,89.4999228901489,98.5268948101926,87.9012084948505,81.8331166977468,90.6328598905376,93.9787976230325,86.9416407216642
"13","15-Jul",91.3355710079638,91.9606204605395,85.1396702532825,77.0355037458218,94.376258134704,83.5407622252725,88,85.1949490816522,90.1699922547862,85.2660541800117,90.9873566862859,83.6069873963477,89.5286595684936,86.2798166900558,89.6813663678244,91.2692510516492,88.2501741208008,85.6824153631183,91.6018008056543,92.0677417427462,87.6389934766587
"14","16-Jul",84.4639953960983,93.1277434865028,88.2306380005776,78.5440178100528,94.3317260082676,83.4744021625319,91,87.3065029733086,84.6843280670619,82.7995669022086,90.9977015404058,80.3554861525609,90.2691435909724,87.3059442802657,92.3463269217755,80.9287458312208,88.5411173048857,87.4048790643172,87.3268792798577,90.8089625045343,86.7857660989388
"15","17-Jul",87.6920178921314,93.1149448214881,86.0311357619736,82.676871705258,94.288634825383,85.4970394682099,93,89.4025991212868,83.4587831729927,83.5237789841678,90.9995821572868,84.6937853317135,90.4929407686194,88.5212649739283,88.7348264846155,86.0517605099964,91.1162250094041,88.5671057990826,84.1145275210526,89.6741111597986,87.5503507056907
"16","18-Jul",92.1405133510079,91.0677486501729,87.8563310029063,81.2314878868473,92.1822231732705,88.5617714259061,93,89.2082444701121,83.1974806299602,87.3789271885779,92.6363390415648,88.7259444830074,89.8499887289593,87.2672665043147,86.3043000822422,88.0804119700697,92.4294398843118,91.9662759479317,87.2070615094509,93.6908961170564,88.6395416368793
"17","19-Jul",93.1845175648238,90.7908051730177,89.2217344708105,84.374550926406,98.3381138752982,89.5375761370695,93,89.0408210567087,85.5446517997467,88.7571699531404,92.9338891656202,89.5863532678707,90.9091944536699,82.0195899021921,82.4397298639615,90.1081977140734,92.5243067957819,89.5923401864553,82.9515127413387,93.5274968586879,88.9110298059355
"18","20-Jul",94.2352591870045,90.6753381648228,92.8051134942695,86.1695773451556,101.391888179088,91.5574925628836,93,88.896597086836,83.6994424018734,88.0061033707414,95.4426040495685,88.6799772137224,91.9333227723919,79.0686253878269,87.6317561868667,95.2257901777749,90.2708606226746,91.2732007377194,86.0520470627586,92.595912287237,89.9396711301763
"19","21-Jul",96.5749497698811,91.5477360443576,90.7074506940536,88.2273665000643,100.314492911349,88.361203033291,91,88.7723578716449,86.4841143267698,87.9639739145651,93.4440470939507,86.4255130969974,94.2933585031327,80.0850168462222,89.6866301665673,92.0981061276661,82.2282059344556,88.4585900242286,76.5587192541219,94.0885501191273,89.3151553895684
"20","22-Jul",92.3190141142066,90.5718945629105,90.1714334421236,88.9360191083984,94.0778149837619,85.1733676215924,95,89.8039016718496,87.9241072151326,88.927907206869,93.0807244308306,85.8962152830693,95.8028966390654,83.8139844272336,92.73715316134,93.0951418092324,89.5204205132667,88.4467401411243,82.8257628811346,94.3189264230126,89.6583559470711
"21","23-Jul",93.307785125296,85.5672249407793,88.499655366614,89.9098532885679,97.1400118812907,88.2520400067579,91,86.2768045338897,88.2619479603682,89.994874571051,91.3782600937658,78.9776598574271,94.2931210506987,83.2296434678676,94.288117387105,95.1224824848719,95.4315090519998,86.7924517089112,83.8343139767966,93.4638137674634,89.3149495355067
"22","24-Jul",91.1189330712388,87.9756686729955,89.6556932037077,91.683790380544,87.8119075237011,91.3273240012102,89,80.5456109312867,91.5373053491855,90.1370972275033,86.9777273420838,80.5158741813158,90.3054638413688,85.6453587622568,96.349783944016,93.0281353466351,97.6923017148838,85.5091210327553,89.0387547981005,89.8488245915448,88.9172133150272
"23","25-Jul",91.5974967761511,89.0940240990114,90.022493641759,92.2879021228896,82.6238493432218,85.0117388496108,87,81.7471419859068,93.8817005864856,89.2480080798103,86.9959509978607,85.967283488767,89.4461086568577,87.1742326824417,94.2587420945854,92.9970697992237,97.5771928530992,86.7136036531918,87.9386981200313,91.7115633792706,88.8864335033276
"24","26-Jul",85.9992542229444,90.0990107501647,86.2386114327851,91.0715629733487,75.3771614477438,82.8820243643124,84,84.0593148846561,89.6392947492362,91.0494450446249,87.817471422901,87.2478263861892,89.7663596658688,89.2781459466761,94.6642303112347,90.9065120587006,98.6474929092565,89.3657044278153,88.9417066537082,91.1653136060373,87.9645563176388
"25","27-Jul",83.9105819051518,90.1258352495645,86.8059289561989,92.1144841190912,82.5914592428595,89.1024536938471,86,87.4667982640005,87.0958465126172,93.129907200588,92.0578551794411,87.4617681387068,88.5068576052492,91.5146478583438,94.7668330634425,94.9999831144538,98.5398343982407,87.6263064289841,89.9445675365319,91.885725757259,89.0455699091966
"26","28-Jul",81.854464109138,92.0069079620201,80.7290453227176,92.4732280606093,88.7664655260269,91.141110683363,89,87.402115196407,84.1410893051504,91.5043076732456,94.4651401409974,90.3503578207461,90.0312053966715,90.4333782890486,93.0994636339434,94.9697681987286,97.2838064539102,83.9456744911197,93.0454427101828,92.839736081574,89.3119890843517
"27","29-Jul",79.167494250101,92.111325504809,85.3836792038551,92.6037467893925,91.8387368805694,84.8335456709213,91,89.6235300960077,87.4692584138527,89.4909269224675,95.720973990798,89.8941513891976,92.5994718740131,89.3023389970702,90.1977555517783,90.8196045358347,97.2366180139939,86.1238585189155,90.895980459443,94.6908798968121,89.7070609889212
"28","30-Jul",85.253689321465,90.1256817959888,87.5132193086746,92.6577874006455,89.7468827534274,90.0129933275087,91,88.3985615923972,86.6392050495369,82.7743189499768,91.8582376589448,87.6923948581004,92.8567738149226,85.6703942662068,92.9923753577152,93.8854861134785,93.6984662116619,86.6603237463188,82.4593893334432,94.1432276755084,89.2043033611725
"29","31-Jul",88.1994987116402,88.9340063480571,88.927253343962,95.5469147337807,87.6580007864496,89.9693640772151,88,83.7890639169839,88.0557995296693,77.4379039721939,91.1560211686543,92.0052722639046,91.5718167438302,82.2311810532388,94.4761247393258,96.9493770511929,96.0811417547649,89.9429938019211,84.5349984187718,94.8640902594779,89.3600617828419
"30","1-Aug",86.7458253803349,73.2910493646664,86.2076930281579,97.939200782472,86.6043522020801,87.8414746577891,90,88.372562794969,89.1829331515738,82.5143925510752,93.4829859814818,90.9211976357948,89.7118489477397,83.8709591130649,94.8115044029108,96.9206912192237,86.737492000168,82.8176552258427,85.5578194630474,94.110406189273,88.2218576307842
"31","2-Aug",85.5694052169678,79.6716670590689,85.4849256043059,96.5852249611457,86.5847969398829,84.6760237561989,93,83.7666677078709,90.2437601541636,81.2129419525116,94.7242182307343,92.4912955230067,89.6654605896301,87.6914475527253,95.7421736881389,91.7417950122397,93.9450276910224,86.4846362806799,81.3341337725777,90.5246030435531,88.3344855982264
"32","3-Aug",87.7150927003418,84.0930232589059,82.1787677738255,93.9917833625563,81.4040874660006,84.6469076614896,91,83.7989999798339,89.6951508432397,84.8396237744365,94.9498649430191,92.7204167618522,91.6511465821391,83.7295824342012,85.737978883022,96.8704584896387,99.7855168828433,89.0079049107456,84.4649674163004,94.1112449943369,88.4473007239174
"33","4-Aug",84.6729937211554,88.3297339989613,82.8741561257539,89.5621596446672,84.4880844301361,84.619045586278,91,83.8268520497608,90.3761448509055,87.1119357646571,96.6273008249456,94.5904860335794,91.6983235137344,88.5347339891059,90.385693623224,97.8743726415497,93.8235601970488,88.8407803576434,88.6384574394855,94.7441069445519,89.2309518228518
"34","5-Aug",88.0478760798168,89.6334366468313,84.6803969772648,88.8241684999501,88.601720865226,86.6785227853119,91,81.5737097316953,90.5379858049802,90.1708053675276,97.7504535867534,97.7897367766782,91.6925611024594,91.489577972712,93.9873580356575,85.4853679886143,85.6890082658398,90.3517735009148,90.7052783371147,97.3955262604665,90.0226021052293
"35","6-Aug",90.615528218133,88.7406505606806,88.3575878528173,90.0265454351845,91.6793229276346,88.7354383232441,93,83.909914704013,89.7852575555006,87.7099298456401,96.3182193317131,97.3182609724409,92.342663924251,92.2518798889669,93.0849817757546,96.8030720733269,89.4057959626103,89.1235666033455,89.6215877992658,96.1449899615306,90.8983369130841
"36","7-Aug",88.37377845104,84.7542743406367,88.6141532761877,91.8691410274182,91.6573418081471,84.5314847351561,97,81.6452626017563,84.84161725971,85.6050187199074,90.3303973796797,98.941378948382,93.9134031941916,89.9199006524694,92.8942929456776,93.688160630792,84.8395149780365,88.7695395229661,92.7383139617776,89.9072455007828,89.60805689309
"37","8-Aug",89.4732570446184,84.3839072213259,88.6997086148607,92.4890638981981,91.636071940399,86.5947331478652,87,83.9715526718826,81.3426014223577,79.80814902707,95.7875162731011,99.1014592523679,91.7797463186982,90.9441174380166,91.1592703915321,93.6673675642249,82.6999289976824,87.0593778878536,95.8493115138279,88.7400855775245,88.9735601498563
"38","9-Aug",85.3925657917348,80.4593805912698,86.3805411866129,92.7018107813822,91.6154903101378,88.6552574746856,87,83.9754945469695,81.359419610386,81.0938710888609,95.9613720523153,100.890138950633,88.2601280133171,92.0319266781919,92.4946185297528,94.6774181949497,92.2462498641157,84.2049335595066,90.5622428189507,91.9264808650433,88.6819945300979
"39","10-Aug",87.7321373700013,73.330024155136,82.6134227701873,91.3482352865944,96.7573616167969,87.5839661436351,86,86.2560252026312,82.9683472859503,84.0535219018652,95.1747702277458,104.019929040828,86.2528923930128,93.1284800210429,93.6492594463287,91.5663034378696,87.5402267845784,88.2094834972469,89.4855720849579,93.3484059077623,88.8374706267632
"40","11-Aug",87.9790347226829,79.4996003542179,85.5231961466613,90.1930355434433,95.7004979749114,88.6018845689169,88,87.3591159290055,76.171208307757,82.5194919362647,95.84997941755,104.469463235875,85.4940720030152,93.3867191966444,93.9070126432335,95.6700540420059,86.4504033897472,90.0341671399713,86.3145094518662,94.4438991855455,89.0827039992628
"41","12-Aug",87.4390429193488,85.8492507512909,87.1412909559279,94.1124770900423,89.4836873232745,86.4898223568474,89,83.893651638654,80.2247178655822,86.1121914862863,89.4270673744898,101.372413751763,87.2304042324218,95.0858201354072,94.8162645679739,94.6195926478019,84.209245120552,90.4865736495045,83.1518421190944,92.0615310044498,89.0937841049648
"42","13-Aug",85.9597294734502,88.3219071098832,84.4650737012772,96.8450617287662,89.4680364620788,86.4687258879705,91,80.4926855705049,79.5594850541167,87.4388870224398,84.9866001396102,90.7480897331245,83.1542818879316,87.9980588388898,95.0139830294081,95.6310868179752,87.8395331439621,90.5780972602329,88.3897768490434,90.7509840483212,88.0086881395557
"43","14-Aug",84.1276895978068,88.5108693690204,85.3120199889396,97.0324230674818,89.4528920219621,81.2331898739871,91,87.3943878508176,77.0297748900267,85.7264827365874,81.7247340014236,98.2340621600006,81.6259792668153,89.441387619819,95.9047893335208,95.6120182609718,91.3650233091387,89.7814658816008,84.174338244367,89.6404445496905,87.962594813286
"44","15-Aug",84.7377083586973,87.5317295797025,80.854996423371,97.8059972242488,89.4382376164581,87.4815642665432,89,89.6168735093641,80.4539524996632,89.2940780812671,86.0409962118508,99.0783595453334,83.0827108673719,89.8377292827552,90.1375305579134,94.5633104426109,87.8055215851563,84.7829536025972,85.2148595334177,90.2773518837261,88.1259805759733
"45","16-Aug",86.9087375091872,88.3913540854931,81.216622617585,94.4809575662793,94.5858443583289,84.3316145732202,88,90.6699623886549,81.2390849632212,91.5449232060101,86.0074528037971,102.16177778544,85.6575380761281,89.9472539143576,89.7358924668662,88.364997222082,84.3390480961609,75.5182577846149,87.3024694927613,90.3815781105609,87.9116603601543
"46","17-Aug",88.3784123496976,91.3480598136685,84.4896860520404,93.380213793015,97.6639601431233,90.575749850156,90,86.0228573839023,83.0201015325183,88.9895325897226,88.4559773671795,101.778200128605,85.9477288065911,88.3122029748403,89.6681817038901,90.4143995274121,91.4465631803627,68.3383570172468,88.3367024399853,90.3879898529877,88.5442415932896
"47","18-Aug",89.5837285362685,91.5759164211609,83.8487684411906,95.1651254233518,99.7071909109061,91.5940221481781,91,89.4353925879158,85.0253128415345,89.6641943383501,86.4464782627775,101.563136523811,85.3786347049465,87.0551131789719,90.523975287661,92.4623091210449,86.7072340474996,65.7001631054268,89.3692553249562,89.5226135335657,88.8850169700238
"48","19-Aug",90.0455109174582,89.6281734630219,86.0437633594466,97.1878148121305,101.749022843711,91.5684378325868,93,90.5136288244576,85.4863371537997,89.7439085883988,87.7175814013226,97.5170288641968,85.837354087797,87.5763356705798,92.4290538833683,94.5087711059,86.7559121813783,73.7956558360306,89.3511332529891,88.4982919666201,89.8794201248415
"49","20-Aug",89.5839357226588,89.4338097261237,89.0203532846581,97.8545775208196,101.724786416592,87.371676894251,91,90.4424565632635,87.988060486797,88.827813970847,87.9486584172156,94.6592448442705,88.7052404230862,89.4026061122299,92.0030103965152,96.5538292220931,83.2976872376052,79.9199131587138,86.1866685211962,89.1549978485471,90.2069128666546
"50","21-Aug",88.7753028439847,88.4267776560553,81.2090425155328,91.6331014057663,97.5719046418843,86.3125992745707,93,86.9654439697269,87.7627271045524,91.5396470270253,92.0817039909584,95.1199531774034,89.7733624042676,88.2296882021896,92.7659671120373,93.446448758468,83.4144606341721,83.1219837001465,89.3247393683323,88.4123812037159,89.4344244409728
"51","22-Aug",89.1234449613888,82.510146787805,82.9829833789454,91.0084424682084,87.2298253601604,88.3852750036166,93,88.1087998105604,82.9361326273251,93.6955273520214,91.1966456715671,98.2958843005217,86.7897875625965,87.9249944488499,92.9364129116559,94.4631745450045,88.1768973084151,83.9563975219145,92.4560340644984,89.121790535494,89.1124686470736
"52","23-Aug",89.9061001703978,79.086460808467,85.8520786586377,90.8102943314105,86.1900314166752,90.4548206157242,91,88.0937236930095,83.445493513291,92.9911717599669,88.5811262046749,103.93889417858,83.6403601006087,85.3573922666887,93.8260113351017,98.5700412325643,83.4824054638537,87.3435768150038,93.4827304698434,91.8064951972153,89.3013611513143
"53","24-Aug",90.2080884974185,80.7343072567442,86.6586345492172,90.0383422254667,88.2485972828933,88.3490923940659,95,90.3578716316934,83.5681271956848,87.3228661577521,87.2874368837959,99.2313312933203,79.7618147008122,81.369812891089,93.1682498133913,92.3715246383501,88.2335449654325,89.8033370267481,93.4590393387371,88.0178253363414,88.5021898790597
"54","25-Aug",90.3291449476764,81.8535051269344,87.6715361472254,82.6399655313382,92.3699828979168,93.5494052752283,93,89.1697147568511,85.9935387014798,84.8725017370263,83.7794238649047,95.1380843792387,81.6900326938802,84.5306461575881,90.4705758815063,93.3905142890884,85.8621739097379,85.6570735933123,88.1911241670883,89.0218285973952,87.8824621691683
"55","26-Aug",85.8772008605678,83.891076750928,89.5231970110839,81.6422715115347,92.3580112155893,90.396533694596,91,88.0076303094196,82.5638758089984,83.6960024091564,84.7781084143251,93.3136918983098,79.0493294307876,86.2506627480833,89.0373216050904,95.4391455853705,84.7188204335343,82.9652860591045,83.9854349091526,84.9281312046481,86.6285868844712
"56","27-Aug",86.7868572800495,86.9715425914195,90.8164900822906,86.3445139418091,90.2817121180993,91.4225247665677,88,89.1451404947049,84.9825642103203,83.5873110229108,87.4142842775128,91.1163758907112,81.443553707876,89.2283646983399,89.5908774983885,99.5467383181803,90.5969210588921,82.2540344951178,86.0843044205485,85.8808527419707,88.0174202129638
"57","28-Aug",84.5629611887233,90.1345620543853,89.593665070478,87.2038927359797,90.2725966481555,91.4043267801692,84,90.2635962376421,87.1294806686055,85.4561540866103,87.8935212751745,86.9273873195985,80.3268216917868,84.1857605604185,88.8772686619493,95.409356683308,90.4976711188919,85.2438843608939,88.1783216785583,85.1994384887341,87.5876635858307
"58","29-Aug",85.0231600050605,90.3905925830183,90.0302333105071,88.9321524676346,92.3284909186642,80.9562162498219,82,91.3656378646363,89.2136465226367,85.6637992584939,89.6170579687719,86.2739160777414,83.96437559149,76.1967253811785,87.0355104545665,95.3969877967649,78.7522255307828,89.1979853416314,91.3168021665926,83.363760143791,87.127206332742
"59","30-Aug",86.4919051953333,91.3601959147693,92.4990796284454,90.2290987290515,92.317861808649,86.1734501621167,82,89.0378373441531,87.2982272344698,84.763380281622,89.930384011216,87.4238219233958,87.3557702710855,83.3125137208943,84.101519646927,93.3245617895386,85.9573114805739,91.805051485169,92.3503317041998,81.3180760582388,88.0035834743367
"60","31-Aug",84.4777701352603,91.4222163480484,93.170029537288,90.6646399601191,88.1781470537283,80.9506315651182,78,87.8940268198645,87.6660772072727,84.6803296172311,88.3509293332011,87.9345183512159,88.6225367686304,79.4306118920494,84.3423266805592,90.2241087390398,78.966790542835,88.4897906663015,88.1368289626113,74.965428396418,86.0856290162271
"61","1-Sep",82.4421819541136,88.5001404792682,91.7672946580752,85.8065257460353,87.1400252855553,81.9958274779168,77,89.047278756481,86.9566047088885,84.6828199821278,81.5181363114708,85.298760153651,88.4134092281716,78.4477527963953,87.8328209110802,92.2777680498936,89.6350101872919,89.9841094387668,89.1791911077241,82.3499968782476,85.7883837590807
"62","2-Sep",80.3991199563202,88.231378799812,88.2220729400679,87.0707530081605,78.8766352818406,79.9098679220024,84,87.9021599593069,82.8162848819785,84.6938814934176,84.3670232992953,82.9407214514987,83.6028361614296,71.5864664721808,89.4689658690499,95.3600214477441,91.8619667588421,90.3565006851693,90.2194742311126,86.2751841173223,85.189068568581
"63","3-Sep",75.1361130646784,91.1025273067663,84.8789215805106,89.6467861860978,80.9453418302092,74.6984017152069,84,85.6385824126231,80.2922282249838,87.5040992180296,85.7031370849626,81.6777814092351,84.4956814892079,75.6935551958982,90.6870186708897,96.379358672286,89.3861081425871,85.6671277300675,90.2087030179646,89.5572745963315,85.0749037716624
"64","4-Sep",82.1789775900004,93.2729033175418,78.4639004341084,85.4993410995079,81.9794678199346,72.6252521775747,89,86.8272306416731,80.5255781128639,86.8724808343748,85.127825047732,86.5365061133014,83.4822564134825,77.7099322473571,91.8065641620561,95.3376807624938,84.6568308562497,89.1952896517037,92.2966151227575,89.2994092661067,85.6038952245028
"65","5-Sep",82.9042686971569,81.8175135232372,86.9214376666751,90.574839497191,87.1419191567755,80.9859494881767,95,86.8511708594172,81.3825651210718,84.9471350897981,87.4778601382005,90.7013086843294,84.4532529417489,81.6350200470507,85.2411231554393,79.8742462054892,75.3837311862774,89.3132168982406,81.7912845624078,91.806865043062,85.6322581445582
"66","6-Sep",85.1157586661097,80.8229006304514,90.0698091988295,94.4061226145616,80.9431826599259,90.3741813306376,93,83.4560912465673,83.1768904143631,81.0225537754614,83.8140413841682,89.6412558605857,86.8422678163146,82.7009042770568,84.669198687056,77.8176150580942,84.9826261968838,89.329025919585,89.1450691962948,87.986733894276,85.9788779898213
"67","7-Sep",87.2413574957584,81.7178285494531,89.3686929547201,95.6708504843389,65.4596602139586,88.2719262133492,91,71.0072168418739,81.1980307753456,80.6246511900559,84.7844016196571,85.4111747348279,87.059984498148,84.6507315182296,88.8245959642185,74.7324796190094,84.9855149355054,88.5243158934413,91.2361042802784,85.5692206713411,84.7108885021666
"68","8-Sep",88.0466602517579,85.6807160793149,89.9526932209589,92.5057269485529,65.4771442012019,87.2171448188324,88,73.5604868148381,84.7410073063645,82.4629560077531,80.8697683260932,85.4623950633729,88.4851799889236,84.3217562755232,90.5981554026018,68.5592703056907,93.1518119046156,88.3015076831886,90.1754395607412,85.1222547680915,84.5873208161976
"69","9-Sep",88.355275890867,87.9636343411235,89.3227504588259,91.4548473747544,74.7852789963936,86.1647228388427,87,80.5913615445225,75.1883473011026,84.5330564038508,82.6127398608026,87.5194585530996,89.6864331886499,86.7152349394003,92.6880452646182,72.6934488448406,88.2952212134197,90.6163707688946,83.8723653663161,84.1848484096692,84.9882277750793
"70","10-Sep",89.7640583254195,84.2813990988937,81.28952154362,81.0937241339681,79.9540137774696,86.157628286717,91,81.7865530511266,81.8014811357369,85.6913348779115,82.9295990115779,88.9945226387718,88.7771726698974,84.8238389809539,92.2853445603097,80.9444348259963,82.4147858863506,90.4143128992398,83.87862933561,86.5753591969059,84.9067329987551
"71","11-Sep",85.7938472951304,80.0868118827411,78.2897990133483,84.8330131274039,82.0202165593834,89.2800481917042,95,78.4004273663089,83.3036381706369,83.9532847975358,84.6236166306267,89.2924948074613,87.7520164146579,80.9654770911,93.8879382807608,84.0367600291832,83.6783591065002,89.5517267307265,85.9827405812732,85.304497083707,85.0634494119919
"72","12-Sep",85.5950615034219,81.670546698533,79.8455309461933,86.0869607975414,84.0842771918121,87.1818473541114,95,79.6220761443036,83.6483952373357,83.7790010997364,84.1133688256261,89.3006859069126,84.6623470253331,75.7820708883337,95.9261429262814,86.0960801611026,82.5655684793045,89.3133384772133,90.1798970185036,85.923594665389,85.351663804865
"73","13-Sep",86.8138171792441,85.6931430283944,82.6639423837721,86.5134349116524,86.1462649891301,84.0448063580469,90,80.8130116056588,81.3404569719692,85.6346739788526,82.3841945998702,86.321780430829,86.2014327016017,79.451413392957,90.393994571715,87.1233924840407,80.3052617346812,90.0349453246945,92.2692228453475,79.2020240235514,85.2042897871625
"74","14-Sep",80.8422999369498,87.0119049140432,87.3925273001034,85.9488596995979,87.1738896290785,84.0428765646742,75,84.2546246141654,79.230220914259,87.7006797183856,72.2513536829531,84.6892237099268,86.1033959060994,79.6360197417983,86.6226907839822,89.1800949794374,80.4207757211985,87.8296279624549,85.9615460160568,75.4086572917915,83.3330116320972
"75","15-Sep",79.2492032740216,87.1209335799552,87.137774313015,86.4869147920336,86.1359056200716,86.1271691516997,78,81.9422069220638,78.7593704467029,87.9199426178535,78.5913542230702,80.5124887645126,87.4142060315909,81.3753294899234,90.0649273477888,92.2652996107135,82.8496228042507,83.2730666661005,77.5708144541232,76.4311142938893,83.4241044059134
"76","16-Sep",83.1635516471046,88.0922348683641,87.0644584964505,88.1043189936628,79.9373637055972,76.7340653309957,91,81.9502151642851,73.8785370952108,90.7435243641657,81.3803337664079,80.7336208923576,81.8306300831097,79.3502925268735,90.8270612014853,86.0759909144018,87.5397051552087,83.6735408054843,79.6900324377476,79.1932313274254,83.4911351192397
"77","17-Sep",82.0674349604463,88.1682286631684,87.8274610189202,82.9232824788972,74.7776034838365,76.7455190394464,88,80.8185462262451,74.376939148439,88.239321443841,82.7055568280403,75.1478424520465,80.4156451745372,81.3267228657307,89.2921087193725,71.6506788535479,86.2836987000902,87.7594283926413,85.9997089096761,78.8546323245947,82.2944032366255
"78","18-Sep",81.6624523304966,90.1028211644404,87.2503816435413,81.2204300572917,72.720084867888,80.9287579706975,86,80.8436898217082,78.4825751430526,86.1119842702801,84.5828874422264,76.1256162268281,72.4750581161475,74.3656625759589,94.064625402493,78.8727417222783,82.7377188018976,80.8849934769312,85.9997231956172,82.216075310466,81.7253679438311
"79","19-Sep",78.943093206211,88.3213992100689,83.1608360268599,81.3892043386873,72.7291421920486,80.9318263387148,81,80.8653493320529,78.621067364698,87.7586768171637,84.9241720658072,77.6302370309874,78.2912741937641,78.3879193986453,93.3990119358527,76.8161560334843,78.1162490760435,78.2991788068702,84.9506594327579,82.8373221446548,81.4933116098902
"80","20-Sep",78.5724031398251,91.0621367411563,80.4631758688344,79.3164535463203,84.0938377766154,81.9778321857028,80,84.299710032753,77.8616796547563,89.7993095186496,80.0769700436508,81.1030944361161,79.8179700661629,74.4989435841951,92.3883595083084,76.8217109572371,80.5957297408899,82.4096600783452,83.9040035892472,86.3696203123031,82.0424411969231
"81","21-Sep",78.4409658782728,95.1607135090786,81.304591017411,70.7818422441837,87.187873612127,84.0649262102237,86,87.673882457853,73.7120292130523,90.012643576846,74.2865400687493,80.9854383312116,79.053313284696,79.3398095152737,95.5616365797021,81.9781751662486,78.3304080895916,85.0896653693874,82.85963749079,88.7247801543224,82.6640450373949
"82","22-Sep",77.7558129286318,89.6823024065235,81.5581419809794,75.8570199867931,76.8582205736648,86.1482691271196,84,81.8876667607472,74.3751392580973,90.033800259291,74.8702983362457,78.0370287243015,76.0795063988064,78.9866459029401,95.3892615197271,86.0996963166129,85.4393597458842,75.4679588890443,87.062835501193,78.9006181552158,81.6209349259244
"83","23-Sep",79.4368098649757,70.7904974388177,86.3572355146165,72.5585877029461,72.7333786111916,87.1849528627639,77,73.933260009469,78.5172349693116,86.3032347350075,80.703873718262,85.2429424737689,81.0520476358684,83.0661268381737,92.7789973168203,79.9153913943678,87.698847075533,80.1179496014667,81.8143649630332,76.2430940951782,81.0824477073229
"84","24-Sep",82.0064148295042,78.8637994799543,84.5520822357446,73.6416071214043,81.0008649348729,88.2200566433968,82,80.9124804901878,82.6473587325552,86.84828788553,85.0372039688475,83.9006302315489,81.5775857869966,83.3033754255091,91.3462147202104,83.0085941572118,80.5850311690349,81.355881724498,76.5780886998639,80.0350165909323,82.2824241272701
"85","25-Sep",82.9783101034234,81.5306311336179,81.6968534941553,76.1739868912275,84.0979091292376,68.3922558680316,73,79.7860403515319,81.9914620223735,87.8415015633625,84.1885559013473,89.3254402110454,79.0808405613393,85.0038058325952,88.4787972381654,81.978119055162,77.1552185755544,72.9528405859956,77.6478723351167,74.758769086478,80.5586717970845
"86","26-Sep",85.2798192928328,66.2809167914521,81.7006024446006,79.1804725892885,82.0300262573842,65.289222287061,69,82.0928232010736,81.0497172387837,85.1487420341783,76.6704105384241,88.4085451235933,80.8509315606112,87.0853443414082,92.1153823881015,88.1600727528051,81.9607593728302,67.6005574424355,76.6160764792712,67.8189639757808,79.296409757059
"87","27-Sep",84.2188812534208,68.8724557002025,83.2863410126191,80.9064141007069,67.5760511727358,71.5782530166339,75,82.0799609223285,79.2468663727721,77.4080797725258,77.7582906092928,85.0471565569269,80.1722937315578,85.9219138568002,78.4497511758565,86.0948052345411,86.6323630697032,74.9820532167482,73.4876863843296,69.9786113813352,78.4225904845805
"88","28-Sep",80.6072957963588,63.335248015256,86.0917138771363,78.6271448574318,70.686841233294,74.7256264015561,75,82.0688809373699,73.2658298027846,85.0068813907498,78.7742665469779,85.1606450726052,77.9000272110516,81.4010322639098,79.7502436141748,84.0315098021407,88.8597597769429,77.7429184504414,77.709138768506,70.3941399755199,78.257402186281
"89","29-Sep",76.6817675602737,66.7831101411985,81.3732501225495,79.3155541975402,74.8264038100345,77.8666524689563,79,71.8122287946602,76.7012893250788,84.8767718093675,80.5953783537295,85.1550431967602,83.1294016957862,82.68552324996,75.8347501538107,78.8794805904022,86.3842681151082,76.8950827340816,73.5271040755551,73.9039689671593,78.3189002787267
"90","30-Sep",73.2831139853118,75.8488972463443,76.1448130367263,77.4097715215215,72.7673061427136,70.5709082709329,73,64.0068427917818,77.4844645212839,84.8678054578933,71.9261603075262,81.223389741519,85.093568201111,73.8614676787681,77.5903217792218,84.0341992653418,83.9878363527437,75.8942828266041,70.403080510205,76.2698852391246,76.4119403939757
"91","1-Oct",66.8658978156753,85.3783683860566,74.7199159310895,72.5013679094363,74.8395502970909,70.5893890939927,79,69.975867090447,79.2606310398147,82.0727374717575,74.4411990011421,78.4406587584719,85.8257446332526,73.2247839093282,75.4794053298934,77.8518733643979,69.9946213019107,76.4443382170571,84.0703812554394,83.5466276414123,76.5856406657145
"92","2-Oct",65.7517188873309,75.5494763978368,82.9977350697931,72.3289190654658,76.9094568189151,74.7793524846095,82,71.256346123691,81.2604398290678,82.7203103015316,81.4440741789827,78.9551937530492,77.9979267285337,74.7951087528912,77.626856148826,64.4635485367047,73.8268645743897,80.5773305433627,86.1650818254641,72.9245532363737,76.7168274035053
"93","3-Oct",69.2052074731918,72.7669700092362,79.0278679381183,73.7263137903161,78.9771013478834,80.0042038542663,84,66.8051223881496,81.7160366887812,84.6611481935721,81.0807293546863,81.195377868065,75.0674747386546,74.4396675300499,77.296332487969,67.5704039239461,70.5231121825185,81.6668253561384,85.1079026996353,66.7077777197607,76.6289923721152
"94","4-Oct",78.2353483789344,74.4846169440854,77.1531653207104,80.647133517215,82.0749144699904,81.0470924282615,84,64.6935585931016,80.228232830608,83.0033151744978,81.8328834922394,76.9101149170737,78.0320577683546,75.2291510985941,68.7594748084771,74.7948923338658,73.1012135949786,81.9522189349989,77.75906568754,65.5823151856802,77.2517844621778
"95","5-Oct",72.6259712084743,77.5594654413992,80.5808521127277,73.6485158609492,81.0401330391826,80.0019945422315,82,77.3988313902539,80.6919155184152,84.7012209601023,83.6060344746855,78.9905021307706,81.1804663889674,73.8161000505965,66.1071294046011,79.9521668790054,82.5808129550898,84.4085773847058,64.1328845846674,68.8127655486053,77.5130836864835
"96","6-Oct",67.951336428651,80.7432893605609,81.5467021761461,72.777182417282,82.0711918324303,78.9588390055773,87,78.4821338204859,80.0031725464324,81.1516623725842,85.5647950249154,80.5639484472001,82.36597562083,63.4891683099883,68.164226042794,83.0442584549173,82.4842413061501,84.2506884666799,70.469904395493,71.9862284754025,77.8684617863281
"97","7-Oct",64.9167138102485,81.9897262964492,74.7538831042802,71.0777803100273,72.7776717060641,69.5729851023976,86,74.9996232486816,75.866599037801,72.3913112520446,77.7388079888748,81.9337570853202,82.1360926815576,68.3445271990904,71.2449019990096,80.9824903149926,83.5699963966376,84.2005894624408,77.8394615155705,75.144087942588,76.396041579604
"98","8-Oct",61.2123873087118,82.0938866565075,79.9575159554577,71.9674789740135,65.5583639136172,67.5052372121826,80,72.7225404578255,74.9361419730599,71.4915029888236,73.0432722449023,83.1970649699091,82.049427015257,76.4017441189948,78.7862039057128,78.9225885257246,65.9811763422088,76.2351164474818,82.0436497093242,80.0026401343593,75.4798559258069
"99","9-Oct",71.4154605860646,82.0977002102972,71.2098581900632,72.282395329856,54.2167227745701,79.0003124205933,71,72.7609873324285,73.137832046788,72.3506683336599,72.1896590684152,83.4165270773468,75.2706121898254,79.4069032514237,81.3161677900796,77.8947121204625,60.4854967733834,72.5683575197207,86.2378168881001,81.7505089802793,74.6349961157834
"100","10-Oct",70.1098744815286,80.1560156822564,71.1677447059493,71.6898832804523,54.2420675842087,65.4403937428586,66,72.7941067198053,71.1439544614114,69.6610718796146,77.7619311038079,81.4354097951805,74.7629408480734,84.3527478851671,84.4287578218674,71.7166008830128,69.0674712410404,74.8094655854286,86.2261454659977,81.2143059641089,74.0151921251734
"101","11-Oct",70.9142236471543,81.923486799283,71.9814518390664,71.5121246255903,63.5578088460699,72.7659832058463,70,72.8226368365323,70.7003911013488,75.9306788304801,79.5931358626909,80.9593971238357,75.9382211224217,76.4500206627271,85.9531926160502,67.6043022043238,72.7213319778362,78.5960788108053,86.2150468463357,72.5700846733135,74.6578926744505
"102","12-Oct",69.2934810370265,82.0743857624631,76.1694570938126,72.1867065840447,70.7986187559798,74.8622014880653,78,64.8772411191589,75.3887149823842,81.2659948682191,79.926035151773,67.2100162635109,77.0677883479098,76.8260034632028,86.2698339529954,64.5256121039718,75.100205634765,78.8041688620659,86.2044929174897,72.6950736890072,75.3859573300458
"103","13-Oct",68.6922891405824,79.177654414679,77.3541301984147,70.2806717639095,72.8698497157987,77.9973453166872,84,78.6956289863895,73.2672506723777,74.3677890231421,72.6226862353506,69.2832324124975,76.8275575942401,67.7688437020498,81.2144447919891,72.7816693437394,79.7486236307415,80.4532563209664,85.1453795997949,75.2895940911233,75.5003766918308
"104","14-Oct",71.0485660647816,79.8961258313619,77.6953150586925,65.3763244105213,74.9387758273999,77.9974596529218,79,78.5992374180897,65.6217048761213,76.4558813846753,63.9311246755653,72.1333839173682,76.7471934065043,71.2471534474557,80.1041770668387,73.8184817234409,74.9590709697754,81.6815030248733,85.1382447546296,80.0435851234298,75.2387410712035
"105","15-Oct",75.8025476105357,68.3394725314601,75.443367875798,71.646517037898,74.9407568820628,74.8683601673765,68,78.516202588254,63.1047615733242,77.6186106189967,68.078516488249,76.94092833567,78.7504966852916,66.4030868413037,73.9134326474819,76.9146126532686,77.2984158140846,78.0286019419653,74.6406865918994,78.3546864734579,74.1461867418064
"106","16-Oct",78.8817034874833,62.518721313912,77.9731210096415,72.309688026427,77.0073886225619,74.8740298465838,57,68.1975662035032,61.7493825638183,78.6821552266335,69.650688710838,78.0964978460626,80.1824204704875,61.0222043726828,76.840821700251,80.0078389461066,77.2487982788982,69.9256290796817,68.3638566548512,80.6064813642527,72.8454483625783
"107","17-Oct",79.399463889872,56.2487469703554,77.8997012830909,75.4029264216637,80.104221727395,61.319550112897,66,71.7244599416478,68.6256797875274,76.0019431135773,60.936215315559,76.3605463785653,82.0705180673391,59.7043864889226,75.8078977297801,84.1284637927279,73.7086212664603,72.593511144047,69.4441542306622,77.6015619508651,72.3853586331764
"108","18-Oct",80.8848196478909,64.4825470575083,77.0999324961529,78.5797444705792,80.100849383919,59.2627175745306,64,67.2083708454924,73.376557042318,74.7977738042817,69.1704794340037,81.8017545276636,73.3315400803631,51.1528933812376,79.0095829956832,85.1547976304434,74.9233385392255,71.728997758994,79.9622071435846,71.0697399344373,72.6824356413335
"109","19-Oct",71.1494711811758,63.3084864109738,77.6708170313142,73.1942398778145,80.097586160689,63.4667505874237,68,69.5951999132561,72.8628228554513,80.2801458073367,75.5766518912584,78.0536148885182,68.7150138765534,52.3813086737433,78.0235615758343,79.9990432244608,73.7698152328303,72.320090896196,75.7677525260022,66.4599992684544,71.7469083722102
"110","20-Oct",65.5661306506101,68.0889655862936,80.9771970230009,67.8416298857833,72.8679267702511,70.7912048708033,71,75.3441295393952,68.7674813083273,82.7252247114946,75.9230384894149,76.1365552245476,65.6583549883196,57.8826386542951,81.2226480957695,66.6062715967618,72.6418182145788,64.5521318857985,72.6319185729798,63.9190614121187,70.8574308398237
"111","21-Oct",66.6937203948462,69.5019263549949,76.3955003238578,61.7954760109572,72.8722003157567,74.9724761300896,73,78.7121468645897,70.238442642109,82.9820100680126,70.2585564668479,74.7506057740429,65.2179445942355,65.300707531652,77.6713460851858,58.3764448607326,70.36883344237,68.1139098810454,72.6499830331498,69.450388656081,70.8591537188152
"112","22-Oct",74.2044729470569,69.6451119855462,73.5576968912258,62.6837135137121,74.9410503680694,79.1459401028641,71,85.4448714442637,72.1711507547549,80.2099417765928,69.2287961250926,77.4430170561945,69.1334432500753,69.8233046070405,79.4543736392667,62.5161475485726,76.3051263317742,70.6701983274249,76.8634703282639,74.752032858555,73.2635544394327
"113","23-Oct",78.3196864550061,61.927502797813,64.9345473856221,69.4446087247284,79.0723873997281,80.1827241487269,64,78.413254234021,72.6135147548827,67.7947253530721,69.859800920433,72.2291825554855,67.9288878040912,73.5196249497166,78.1508746104353,67.6818444861253,79.7532024146924,68.980180186056,69.5266294086437,78.2949141947894,72.2887952059616
"114","24-Oct",72.1473704845828,62.2580744120447,62.5822931091405,60.2560357300036,74.9406155569249,81.2179239192543,59,78.3559906287038,70.3277914307147,69.3099935787703,56.0649853399809,79.920689211935,63.4524773117449,72.7950225441788,76.1720668365797,69.7518885423471,78.461697814755,63.7940418513878,71.6480158771075,80.654317127329,69.8364958803886
"115","25-Oct",72.4071263208085,61.3553776422522,69.0529797386084,58.6715106746458,74.9425370827352,79.1223987512424,68,72.6138244070525,72.2068884200065,56.4264004702501,56.0118138473458,60.1936671389988,56.4067431241857,70.0572433306098,80.0091103070346,72.8500316135056,79.5512012068563,64.8530310009814,73.7634450196544,76.8127465857692,68.6838110820218
"116","26-Oct",72.5101708554026,73.9038309141668,73.2448284326795,61.7563993884184,78.041468614381,72.858709287293,60,72.6673357928222,76.6209442205992,53.2423824153804,55.1839401677125,57.9617757944605,62.5777800777827,65.9737657436308,76.6013434745575,75.945209249967,80.625822888615,57.2216268866491,76.9222865537238,71.8342490276713,68.8853567378596
"117","27-Oct",73.8412569638183,71.1297898755295,77.5680495070114,66.3818083567232,74.9430546166921,63.4771679342775,68,67.0205947488829,78.4188334297268,59.4762270966541,60.7608914505583,64.8808661354424,66.953047751263,64.8994809337396,83.5231815063454,76.9770802017454,80.5217674474129,59.2427737458312,84.2696419573356,67.5075733959622,70.6596937546207
"118","28-Oct",74.3462555607695,57.3337454857401,78.7692661526035,72.22248128177,78.0419694022879,49.9397808972885,69,62.6020384915392,80.4205986101966,62.0247461693028,65.0475693648822,65.8506937202346,61.1965065319242,60.4796952707664,77.3748850438754,79.0382035850702,68.7723153677849,66.1768824530757,84.2564086452452,57.3272870315076,68.9303790187622
"119","29-Oct",78.4017318239558,54.2325420904712,79.0951007129447,72.7311373642819,80.1053261694125,54.1577226741761,75,54.8257780331042,78.4832299132884,61.3829824988578,63.3722327514765,69.1768251232175,52.9939919693992,68.524084291079,74.3286403880353,73.8859721178294,52.6486651546897,64.0514396058586,76.900283355224,74.2720099201518,68.3424751286429
"120","30-Oct",80.5724483826148,62.7306335036188,78.3907277881356,72.1856207101462,74.9401311200663,62.5385563086506,75,69.9284320077613,75.6555416405019,63.2048467460327,70.4315366321174,62.1862032680929,56.0336063615182,74.0155129114301,68.5772706943177,58.4361861299192,53.2058909006455,72.2593085782671,72.7088677929329,70.5627376830853,68.8662515181421
"121","31-Oct",81.3903277466805,65.4396566249122,81.3286654602328,74.1526500089282,77.0067831085927,71.9460572109159,68,77.9083214925979,77.4088760650857,68.08074573507,72.5330726260654,65.6245035237287,61.2650962231098,67.9383118493488,69.9125082299712,60.5136528580068,53.6704668380062,76.8026283316925,67.4777690510603,69.8867779905356,70.4100160934809
